train_loss,val_loss
0.7297370122286077,0.6740029441909888
0.7072940828774626,0.6697473818633599
0.7023821241537351,0.6674462481370576
0.6988322298901868,0.6633665686429933
0.6960311706827707,0.6639882339987644
